R,DC,mean voltage,maximum voltage,range voltage,variance voltage,median voltage,First Quartile voltage,Third Quartile voltage,Absolute Mean Deviation voltage,Absolute Local Derivative voltage
10,0.01,0.0023060160272027,0.00232824865312002,4.81829996813389e-05,1.25449766289548e-10,0.00230604771445754,0.00229665834578483,0.00231556243770696,9.60559531324944e-06,4.45696622744517e-07
10,0.02,0.143586649774416,0.172768290106755,0.0796500007223475,0.000781180951451043,0.13043899871901,0.128376939726751,0.171545417035374,0.0255747355026226,1.85822364988413e-05
10,0.03,0.234529135917606,0.255169442734286,0.0303996138734811,6.67635285080485e-05,0.23351792296606,0.228424723182773,0.235834424031683,0.0059545232432082,2.86914656441962e-05
10,0.04,0.306326481456804,0.315378895600736,0.01912844217334,4.03942060310484e-05,0.30908327713947,0.299334125538053,0.31201639377218,0.00593052543984765,3.66796297246108e-05
10,0.05,0.348969268452548,0.356150798790895,0.0125276947816014,7.18350281180454e-06,0.348515975685423,0.347141825688694,0.350532614726222,0.00210879451304929,4.13270910433372e-05
10,0.06,0.413409711117143,0.420047531993862,0.0144579908338979,1.70842028334177e-05,0.414419954147097,0.409623041429879,0.417175178476907,0.00377642205809191,4.83237973308394e-05
10,0.07,0.459088922407712,0.464973869480724,0.0134946195580467,1.27337189676632e-05,0.458976829835068,0.45609886495381,0.462224198699059,0.00307979648302514,5.32579670138957e-05
10,0.08,0.493569358106137,0.49913869000499,0.0114203197757176,7.9588797995621e-06,0.493543597420884,0.491392195942556,0.495419609289615,0.0022955106352321,5.69328212173611e-05
10,0.09,0.539109238968457,0.546863088750543,0.0176435932079219,2.46649686923875e-05,0.540434168034459,0.53455682156971,0.543449830519944,0.00441879017697852,6.17960131304398e-05
10,0.1,0.570252258044075,0.579662472669535,0.0164684987409682,1.24042134737808e-05,0.569927593017966,0.567804716464456,0.572741300124411,0.00282785943887174,6.50890837856718e-05
10,0.11,0.610634310447963,0.620265110913748,0.0195058369344614,3.00295713482165e-05,0.61092778665683,0.605966676265441,0.615605797870178,0.00489413006961369,6.93861491124045e-05
10,0.12,0.658060646289126,0.662703542750084,0.0119442574279971,7.12759567759496e-06,0.658161936879154,0.655949865126964,0.660253235366373,0.0022560435279906,7.4382366703878e-05
10,0.13,0.688414993811158,0.694672305247439,0.0128516476822468,8.96025201424034e-06,0.688497449872784,0.686269940232944,0.690539067555984,0.00248295316821266,7.75526157186301e-05
10,0.14,0.728048522891685,0.736749817765176,0.0218559446754985,2.94560650413691e-05,0.728565851735715,0.723566447342349,0.732578319036537,0.00454160274516967,8.17323899847341e-05
10,0.15,0.758055004015439,0.769894428819784,0.0195167402177938,1.6725222056637e-05,0.757834839064762,0.754888744207342,0.760384788774733,0.00325157571309282,8.48525883375473e-05
10,0.16,0.797236610297347,0.806513815312711,0.0192260973304701,2.41473609764422e-05,0.79703366935199,0.793481766580169,0.801070729334013,0.00408441191233269,8.89537262838803e-05
10,0.17,0.824587476846215,0.832163278816846,0.0139602782107539,1.03104334007461e-05,0.824730283439752,0.821951874996423,0.827245859328549,0.00273314351548697,9.17866186987296e-05
10,0.18,0.871114746247215,0.878686132346851,0.015685495346999,1.50754186676716e-05,0.871202873868033,0.868457295486698,0.873757027164289,0.00319999712943619,9.66264418445e-05
10,0.19,0.907628223336459,0.916233359874506,0.0202582539975104,2.39738498007431e-05,0.907585124099863,0.904078123905673,0.911153756564358,0.00400030821642643,0.00010043087954775
10,0.2,0.936449225104935,0.944214437898235,0.017761876422886,1.6024704017765e-05,0.936550775908447,0.933568348610423,0.939555035299505,0.00332758109861587,0.000103406036382451
10,0.21,0.975432360500704,0.985004219042971,0.0209964625650586,3.11920340051072e-05,0.975093390570416,0.971511515977067,0.980060884198247,0.00460975133258601,0.00010743223005653
10,0.22,1.00328482916854,1.01286632483376,0.0177760564944337,1.57111322707737e-05,1.00344489097216,1.00010629547956,1.00640159522544,0.00335320145530204,0.000110291305535211
10,0.23,1.04000309953832,1.05176679948694,0.023962983419699,4.05804627384251e-05,1.03978991860552,1.03497212300352,1.04516104772661,0.00526688480343596,0.000114085614851326
10,0.24,1.08406232362128,1.09165841068518,0.0176217014516964,1.86975544363364e-05,1.08421955923554,1.08065828764109,1.08756609744795,0.00364938372226501,0.000118633119510512
10,0.25,1.11209719485272,1.12015761457177,0.017474833945506,1.74132643186718e-05,1.11229213154957,1.10859221293168,1.11562441155697,0.00358494746650978,0.000121508188607932
10,0.26,1.14970855497318,1.16123741967566,0.0282646307390133,4.48842213148778e-05,1.15010342524243,1.14478936770918,1.15453646705389,0.00546844625983582,0.000125358732414693
10,0.27,1.17860924193912,1.19089621527617,0.0215463114116798,2.39921883889267e-05,1.17879442410747,1.17456160028784,1.18225315986241,0.0040765702259551,0.000128292558948426
10,0.28,1.21563593611468,1.22710281083713,0.0239110797277582,3.73447574595435e-05,1.21564831312079,1.21132075772089,1.21987167910994,0.00496519841578519,0.000132078729560447
10,0.29,1.24192639658134,1.25018484802617,0.0164120351299426,1.94846683511427e-05,1.24215606866382,1.23800858396906,1.24596752510298,0.0038602462775433,0.000134757119681274
10,0.3,1.28720175079834,1.29642855808551,0.0194278957840377,2.38753541195329e-05,1.28741133426415,1.28316487619076,1.29123794969685,0.00417504409701792,0.000139376934446482
10,0.31,1.32264327102823,1.33403437716748,0.0260998866633122,4.12457977179976e-05,1.3225284295628,1.31831487012054,1.32679914548113,0.00524762600485015,0.00014299878282239
10,0.32,1.35013729944555,1.3600107279358,0.023582091254347,2.8404035049161e-05,1.35031044231402,1.34589994777937,1.35471048188626,0.00450742022497002,0.000145775299135858
10,0.33,1.38882245817427,1.40054095461564,0.0251620792545961,4.08175186938464e-05,1.38888651890246,1.3846721360316,1.39385261896634,0.00523700888057555,0.000149691721814904
10,0.34,1.41514473520315,1.42508443580353,0.0193362021633394,2.60486565601094e-05,1.41539592418989,1.41070652773463,1.41969404818432,0.00443149433945536,0.00015235132853404
10,0.35,1.45061405649461,1.46482119715453,0.0282511607458265,5.75530166644562e-05,1.4505935044569,1.4450334719097,1.45618534989307,0.00615452778552872,0.000155963131565735
10,0.36,1.49397745921396,1.50412212950089,0.0218348150995098,3.28727318915619e-05,1.49422242282979,1.48933441158073,1.49854998778641,0.00487451553626793,0.000160352655897018
10,0.37,1.52093514177025,1.53035401861085,0.0206364881772911,3.01795845906378e-05,1.52120843354188,1.51617030358566,1.52578664760795,0.00476429146789388,0.000163079705781974
10,0.38,1.55948248658482,1.57036674977745,0.0241499482996412,3.79179943703207e-05,1.55969786523818,1.55462620740445,1.5640264670961,0.00519342543270973,0.000166965224047145
10,0.39,1.58423933809374,1.59840968971794,0.0260917475638127,3.73163743130332e-05,1.58448739811048,1.57917330181392,1.58920269155369,0.00517704933330595,0.000169444997099521
10,0.4,1.61961259288374,1.63372045584067,0.029096494843317,5.37170234715324e-05,1.61972243494915,1.61479928418473,1.62484669030367,0.00600508741523934,0.000173005737890262
10,0.41,1.66164611206948,1.6706602865822,0.0196562396274891,3.38549614695528e-05,1.66194345444716,1.65642902431153,1.66700285704291,0.00509913342663875,0.000177251470826429
10,0.42,1.68543348958063,1.69560276045561,0.0219749143071553,3.62349042882243e-05,1.68573327166029,1.68015295727412,1.69081640666732,0.00523555606366141,0.00017964251584377
10,0.43,1.71250869563482,1.72463371685306,0.0273582918411792,4.68083384741529e-05,1.71271736308651,1.7072360385101,1.71792113175294,0.00574655012142522,0.00018237150907416
10,0.44,1.7396095727896,1.75807791848204,0.032063237925595,5.16591106261774e-05,1.73988972390689,1.73361494908937,1.7449088656368,0.00597026409992531,0.000185075635892286
10,0.45,1.78904731527095,1.80586944347967,0.0348854705923929,7.7626321817809e-05,1.78899228054017,1.78320719757537,1.79603702552869,0.00717824630425984,0.000190101173023
10,0.46,1.82617029922912,1.84027889663222,0.0270343425385111,4.44957821089682e-05,1.82647914054933,1.82060922927992,1.83195796530446,0.00574949915083415,0.000194004503288197
10,0.47,1.88982711335293,1.90276314190845,0.02750773448428,5.01454272218633e-05,1.89010936681503,1.88393056736831,1.89560740597601,0.00605757045701751,0.00020124913156581
10,0.48,1.93958167383134,1.95499529811021,0.0333242852553131,7.04794390771311e-05,1.93973305577125,1.9340238426058,1.94510131254481,0.00692493504328649,0.000207484710675138
10,0.49,1.97867914600091,1.99092834114537,0.0281834939609193,5.10753740182739e-05,1.97898025706745,1.9724359201559,1.98493252360145,0.00619806923900959,0.000212750651385057
10,0.5,2.03171479163138,2.05000365355562,0.0387744229649436,9.49947419960711e-05,2.03166937081759,2.02570939254472,2.03951983280513,0.00796440683272424,0.000220518771343936
10,0.51,2.06888097160455,2.0864825254962,0.0324210486634424,5.97555257576117e-05,2.06914039890922,2.06244449972217,2.07544634985661,0.00663673412083851,0.000226215925882274
10,0.52,2.11752036336107,2.1382643826268,0.042081049809966,0.000108857966570415,2.11748294330496,2.11027475976463,2.12504712498071,0.00849483103735448,0.000233828422382598
10,0.53,2.1742078428572,2.1891116480589,0.0318002194046518,6.68412874476804e-05,2.17440916733531,2.16725744248693,2.18112671795891,0.00703295540608944,0.00024278825180762
10,0.54,2.20988635543072,2.22439306292977,0.02914700892961,6.40390476679775e-05,2.21011647998746,2.20270801102869,2.2170386434475,0.00698579541032998,0.000248483880642663
10,0.55,2.25633367968209,2.27594719930287,0.0440802600945109,0.000107694249931794,2.25630465787938,2.24974106614503,2.26393064062464,0.00853614973757484,0.000255926390848101
10,0.56,2.29023697820345,2.31171185089916,0.0371338597864517,7.78697941860116e-05,2.29039233920985,2.28279978779085,2.29764009825032,0.00756304632135361,0.000261346580355565
10,0.57,2.33350805978831,2.35356752900284,0.0403860463596493,9.9473565555605e-05,2.3335530928289,2.3261511376672,2.34081853044651,0.00832686069714691,0.000268336457590156
10,0.58,2.3628785162941,2.38005713204746,0.0325071505190722,7.66580823118802e-05,2.36301615109506,2.35500407893016,2.37064669116102,0.0076395596235778,0.000273100330284104
10,0.59,2.41024932555179,2.4272098485172,0.0329356154011653,8.26608354861887e-05,2.41034137653352,2.40215454965836,2.41822734963626,0.00790495382129423,0.000280784970695625
10,0.6,2.44445530146379,2.46335546837827,0.0391352714310833,9.82549318767326e-05,2.44447747380295,2.4363170365552,2.45246903553931,0.0084343773686745,0.000286372985787821
12,0.01,0.0027589308967912,0.00278141848774073,4.87315094722246e-05,1.25692586173935e-10,0.00275896604733633,0.00274960183309557,0.00276838273718422,9.60262620540637e-06,4.44677295573945e-07
12,0.02,0.163077330388725,0.195373467004391,0.0879680068957747,0.000959718626800916,0.148548379194165,0.146520040043125,0.194171472812383,0.0283017997959655,1.78159400717088e-05
12,0.03,0.263972491102293,0.286348419471738,0.0326863407172122,8.07500909915373e-05,0.263049155674091,0.257192174179626,0.265284513478944,0.00653628452230321,2.7361645491833e-05
12,0.04,0.342733068386296,0.352194663545647,0.0200780215434779,4.69998136566086e-05,0.345596676826431,0.335063087553054,0.348923042986563,0.00641554421582613,3.48674089190789e-05
12,0.05,0.389604467716978,0.397130373239133,0.0128938555519355,7.95883084413086e-06,0.389041795222224,0.387690289740135,0.391145059843143,0.00221833726372517,3.92456234259288e-05
12,0.06,0.460185547139509,0.467058313126691,0.0148864637159861,1.93608302630136e-05,0.461587007512502,0.456026248045629,0.464219033692675,0.00408780213064307,4.58235496573737e-05
12,0.07,0.510305854024186,0.516493708936273,0.0141279262328938,1.48805309908252e-05,0.509812416673361,0.506974565281535,0.513832975329171,0.00342700363562872,5.04764543912195e-05
12,0.08,0.547874414154272,0.553548617099086,0.0115421690650268,8.3885419120772e-06,0.547831448534897,0.545581651269843,0.549935404973816,0.00238532313867501,5.39199170920762e-05
12,0.09,0.597325746374175,0.605251696906969,0.0180750640352701,2.76002143540793e-05,0.599066547950304,0.592260704224695,0.601899373477967,0.0047509223675022,5.8466016749161e-05
12,0.1,0.631289573161704,0.641150387824276,0.016979465855075,1.369123475489e-05,0.630777909376707,0.628798589927151,0.633925677219061,0.00297463270736783,6.1559049607487e-05
12,0.11,0.675704572323417,0.685688468284917,0.0201795880650771,3.4567338610695e-05,0.675717070075645,0.670631384269409,0.681186312994978,0.0053315262302948,6.56151529710612e-05
12,0.12,0.727276659166552,0.731861136794077,0.0118041431065592,6.72733784625855e-06,0.727340086147773,0.725294327685724,0.729373900808999,0.00217463854092153,7.02982390179958e-05
12,0.13,0.760255127698449,0.766498562114057,0.0126990489039153,8.71630370245951e-06,0.760306970578798,0.758197628318838,0.762280198399106,0.00242784363147243,7.32674365026839e-05
12,0.14,0.80321875373918,0.812133756656853,0.0224080244861854,3.23380248672584e-05,0.80362967521967,0.798424983973954,0.808115195919923,0.00482834283729776,7.71738488261806e-05
12,0.15,0.835804588817486,0.847986380491727,0.0197403985823866,1.74896136883654e-05,0.835404036930021,0.832648751689172,0.837975853678327,0.00327646641079763,8.00961503504588e-05
12,0.16,0.878286328384211,0.887690006080101,0.0194049174811514,2.58184521557716e-05,0.878428256244032,0.874247844526798,0.882417251983775,0.00431436482464199,8.39314965797141e-05
12,0.17,0.907896638316539,0.915519450475144,0.0137617109655201,9.5402398486255e-06,0.908010827457245,0.905354097607986,0.910369876946931,0.00260887193309637,8.65718466722024e-05
12,0.18,0.958409409750316,0.96599931657463,0.0155860785858465,1.49401116452536e-05,0.958451470044199,0.955717890169669,0.961123606866437,0.00315975913188691,9.11138195722981e-05
12,0.19,0.998106315057599,1.00681201810318,0.0203996850642506,2.50023744364457e-05,0.99817153770909,0.994286851044995,1.00192910582528,0.00410639781536564,9.46721617148643e-05
12,0.2,1.0295014514661,1.03726991743486,0.0176985526323021,1.55439903040907e-05,1.02954401460603,1.02677378255171,1.03245258573879,0.00324984369360933,9.74677400858718e-05
12,0.21,1.07197917063863,1.08165660016648,0.0211479318892203,3.29704312853146e-05,1.0719365649508,1.06780803417482,1.07676168952933,0.00481360124149755,0.000101246611483695
12,0.22,1.10217557694944,1.11177702693839,0.0175281473430671,1.46801645727017e-05,1.10229650633964,1.09911252666556,1.10504873064475,0.00321349147039856,0.000103912343345811
12,0.23,1.14213509714283,1.15410472180459,0.0242065760494974,4.37188400214111e-05,1.14180596917765,1.13669981499977,1.14775070768339,0.00562682783851137,0.000107478699770309
12,0.24,1.19000871014332,1.19751198359024,0.0173778834181542,1.76170102874717e-05,1.19012149760893,1.18683864166602,1.19333972009349,0.00351120923931256,0.000111729401436927
12,0.25,1.22027907474061,1.22818820741099,0.0170101973435954,1.58151954515311e-05,1.22043168301078,1.21700409133573,1.22355442156179,0.00339659840937854,0.000114411251303282
12,0.26,1.26097098503334,1.27265808297756,0.0287386270909635,4.77026011890383e-05,1.26155553959796,1.2556348048022,1.2662026809046,0.00564696514201971,0.00011801338728024
12,0.27,1.29222563554915,1.30465876025245,0.0213564889093456,2.29480266972053e-05,1.29240783096014,1.28828536020486,1.29557764094391,0.00395285971109302,0.000120755324188208
12,0.28,1.33211441806932,1.34362864239112,0.0238080208567828,3.8004275516839e-05,1.33205911270873,1.32750251128886,1.33666012877814,0.00501537264062178,0.000124275488355015
12,0.29,1.36053612317093,1.36855802476364,0.0156959216328376,1.71461197255454e-05,1.3607220244565,1.35687119969639,1.36429579083465,0.00361626923489431,0.000126786091109197
12,0.3,1.40946478771134,1.41854224129907,0.0188978751712745,2.19092613663292e-05,1.40962673852624,1.40570582669055,1.41317827891168,0.00396975270204156,0.000131102673334546
12,0.31,1.44757493793078,1.45897480131625,0.0260895877290626,4.15172884515323e-05,1.44754378468292,1.4429680283606,1.45204128837779,0.00526554481131064,0.000134460415223031
12,0.32,1.47727334009352,1.48698825326653,0.0232683526533759,2.6583296365498e-05,1.47737355417027,1.47333079488273,1.48163729133519,0.00432578904703579,0.00013705242645818
12,0.33,1.51908977628517,1.53075204255993,0.024908994736474,4.03994352802609e-05,1.51906329689129,1.51501326673598,1.52418384052772,0.00518684372024609,0.000140713425692309
12,0.34,1.54750965333369,1.55730558981219,0.0187064432062813,2.3210691139193e-05,1.54770844030048,1.5433814386458,1.55173627471516,0.00416652781373065,0.000143198292047734
12,0.35,1.58592998292663,1.60027725725902,0.0282606936920433,5.96768068529468e-05,1.5858516461235,1.57991994424456,1.5919759090499,0.00630723791577686,0.000146575594686263
12,0.36,1.6329506519806,1.64293205835402,0.0213034810624433,3.03844829652592e-05,1.63312026333174,1.62863997034514,1.63714449610231,0.00464704754732943,0.000150684042650166
12,0.37,1.66228623748459,1.67145768547112,0.0199654979105433,2.69479124273959e-05,1.66249998263968,1.65783518616984,1.66676609841256,0.00448242895767948,0.000153242798419946
12,0.38,1.70367785517274,1.71545238100853,0.0264239964361759,4.54196725605898e-05,1.70370349762495,1.69935525064447,1.70907931499504,0.00552312763237411,0.000156831115057292
12,0.39,1.73199154849048,1.7463068182787,0.0257553358888738,3.4787157753575e-05,1.73218731389105,1.72709009439503,1.73657798838129,0.00495088958598476,0.000159278531254906
12,0.4,1.77036261282073,1.78336920650522,0.0281693335057287,5.04943752217481e-05,1.77036968003574,1.7658815456949,1.77606383433527,0.00581412777909004,0.000162618970231874
12,0.41,1.81429266779278,1.82256390336989,0.0179406691689239,2.93165884751001e-05,1.81453466800846,1.80941637771842,1.81927068043909,0.00474859982522817,0.000166452490542239
12,0.42,1.8434274667471,1.85342077482662,0.0215136975981147,3.25497449157676e-05,1.84366126266176,1.83849477376768,1.84841095964358,0.00493647765306348,0.000168977262272041
12,0.43,1.88168519019477,1.89479526031296,0.0295002366030115,5.27540739112157e-05,1.88173746432646,1.87702221454233,1.88672498943649,0.00595924607876957,0.000172309527299687
12,0.44,1.90917005300217,1.92466505659567,0.0275889948483656,4.06343987210595e-05,1.90938543967179,1.9038502518913,1.91423989072876,0.00537604940680573,0.000174676103326275
12,0.45,1.93920737585202,1.95120283802108,0.0252918795812322,4.26352322698142e-05,1.93939340982891,1.93410131591339,1.943993005637,0.00550228705207765,0.000177287048453555
12,0.46,1.96382627241705,1.97326763012232,0.0201783605678596,3.42901001295555e-05,1.9640928055526,1.95855446030264,1.9691976512353,0.00513296354733316,0.000179407680737824
12,0.47,2.02231534079993,2.03475625639052,0.0263795743337267,4.42281169740046e-05,2.02252403868364,2.01697045428517,2.02747429386146,0.00563948596811991,0.000184492219245146
12,0.48,2.07767306305341,2.09299704695806,0.033062799847412,6.98795566506606e-05,2.07773087441159,2.07193947853351,2.08311867773957,0.00681288899277587,0.000189646639486237
12,0.49,2.12152188277615,2.13304024081909,0.0269040965762364,4.3615016847162e-05,2.12176611768181,2.1158471311214,2.12716782663209,0.00570028568118108,0.000193985574692451
12,0.5,2.18152844885813,2.19973880123469,0.0388663816405845,9.93562774207219e-05,2.18120420473652,2.1749798658737,2.18978863782275,0.00816026382225718,0.000200467758691655
12,0.51,2.22387003804571,2.24127029238498,0.0313940009571056,5.24824546709366e-05,2.22409219108772,2.21780725546918,2.22981557848976,0.00616201198887752,0.000205433374094571
12,0.52,2.27925005412668,2.30016698402842,0.0425296564506841,0.000116992429584085,2.27906597333529,2.27105079918371,2.28725248315485,0.00883380708505238,0.000212481792005614
12,0.53,2.34415719510742,2.35841508363567,0.0306331530475421,5.89570129684913e-05,2.34434164592879,2.33785490120305,2.35038768317858,0.00654237377532034,0.000221016520664989
12,0.54,2.38506998098701,2.39859870274043,0.0273507282646679,5.35888495010546e-05,2.38527934401479,2.37853878832448,2.39158960661258,0.006382495078024,0.000226489258039063
12,0.55,2.43843361991132,2.45802072798454,0.0446309601082966,0.000110969744369092,2.43829262082,2.43102222657224,2.44543220553707,0.0085975408585601,0.000233653658066668
12,0.56,2.47756721909083,2.4990915836955,0.0362519750961079,6.91868135935756e-05,2.47770911332262,2.47050280799295,2.48429078379695,0.00705558359068374,0.000238892784386314
12,0.57,2.52751301084025,2.54741833200466,0.0401460580986126,9.73885459126264e-05,2.52749594360564,2.52111870719907,2.53442885117491,0.00811422861983265,0.000245659336388262
12,0.58,2.56154397947578,2.57797162994637,0.0308821609672516,6.47469816763985e-05,2.56166295065906,2.55436331496496,2.56863958005711,0.00700546086791446,0.000250276208762892
12,0.59,2.61626114826205,2.63232039512752,0.0310594073494901,7.02517297342272e-05,2.61634379619071,2.60887954335972,2.62352702444958,0.00726578869650052,0.000257675940806353
12,0.6,2.6561073324895,2.67463608104828,0.0385433111158253,9.1074580412642e-05,2.65607796876798,2.64883524690986,2.66334352345897,0.00800747388557497,0.000263174413773231
15,0.01,0.00343323932814714,0.00345610959644145,4.95403354074074e-05,1.26308018250615e-10,0.00343328005264091,0.00342395158852287,0.00344264519120748,9.60497645966756e-06,4.43158400266241e-07
15,0.02,0.189549223995302,0.225914110988026,0.0988001851324575,0.00121731173059394,0.173339377090685,0.17134211466896,0.224733503840531,0.0318039316566058,1.68305209285118e-05
15,0.03,0.303498777210933,0.32805792278098,0.0355954580741491,0.000100806925817514,0.302666568299923,0.295839663696088,0.304808869800973,0.00729445599714058,2.56693296482312e-05
15,0.04,0.391578165347776,0.401741685889894,0.0216661105997684,5.84082648113607e-05,0.394586761327519,0.382858167781998,0.398575497189252,0.00716971866427158,3.26011281930692e-05
15,0.05,0.443663192301407,0.451798584254401,0.0136070795136625,9.43684094690288e-06,0.442947100242912,0.441507749037362,0.445192559142421,0.00241843395366391,3.66233767190255e-05
15,0.06,0.522078676760707,0.529210826869618,0.0153808621875474,2.23944616529617e-05,0.523946429329618,0.517461884643126,0.526434437908283,0.00446504589844076,4.26775778135132e-05
15,0.07,0.578146357960901,0.584591844171843,0.0146279116728892,1.70952430510891e-05,0.57725382019737,0.574494538500668,0.582047334581513,0.00376433155463273,4.69826949228191e-05
15,0.08,0.619471551652729,0.625295050634594,0.0117357865741334,9.12816660039922e-06,0.619236200023332,0.617016118291325,0.621855035464183,0.002545972540969,5.01274195186775e-05
15,0.09,0.674486544626074,0.68274923550223,0.0189161984327735,3.30913420165822e-05,0.676851111387911,0.668619643446789,0.679460355564677,0.00529786057999144,5.43179725906651e-05
15,0.1,0.71246497826196,0.722718867743551,0.017378132160267,1.51107939993777e-05,0.7117691318682,0.709713643679143,0.715132355764516,0.00314354356955062,5.71774806030454e-05
15,0.11,0.761293035264681,0.771634825403386,0.0208567980084793,4.00320098384489e-05,0.760981580402771,0.755662562560206,0.767338016190179,0.0058091911785907,6.0888320175252e-05
15,0.12,0.817970176896776,0.822461900601729,0.011568461893402,6.27756542139396e-06,0.818001181706161,0.816160730352613,0.819944200644534,0.00208133690885364,6.51612072558586e-05
15,0.13,0.854305520139075,0.860516910159453,0.0125021377799324,8.53173007043655e-06,0.854323858686343,0.852183137261781,0.856284420323726,0.00238197182493071,6.78831316905684e-05
15,0.14,0.901751235559001,0.911017835696753,0.0233013858747317,3.7307416002549e-05,0.901643082309659,0.896657005650541,0.907203808361727,0.00528092027528024,7.1468723599776e-05
15,0.15,0.937987963812885,0.950669313429063,0.020129523220492,1.90349394986835e-05,0.937349352552131,0.934823216215393,0.939973024386834,0.00335478421182435,7.41586545661568e-05
15,0.16,0.984976396694959,0.994542389985827,0.019655896681973,2.84162880089155e-05,0.985574520287865,0.980594345939622,0.989527016153971,0.00465554969540692,7.76814102570183e-05
15,0.17,1.01774994090023,1.02545334166744,0.0135446288348884,8.75221420927769e-06,1.01783711760119,1.01530581391746,1.01999299036731,0.00247140789920857,8.01023810412493e-05
15,0.18,1.07357000119622,1.08114486265903,0.0154115319888279,1.4877513526241e-05,1.07356416602594,1.07076986717547,1.07641255151281,0.0031379053007597,8.42758807824501e-05
15,0.19,1.11701389056733,1.12584303126176,0.0205874583738528,2.66772865371823e-05,1.11724660301851,1.1128580795868,1.12123327465368,0.00430720605707832,8.75168521155279e-05
15,0.2,1.15154512578873,1.15931891323805,0.017656682408876,1.52484335338819e-05,1.1515269609795,1.1487591876897,1.15430658059172,0.00319656982028569,9.00769974885194e-05
15,0.21,1.19802970942131,1.20777686944927,0.0212125110977954,3.50563563639647e-05,1.19858471024146,1.19348941181398,1.20296449289554,0.00507357921492629,9.35135916282928e-05
15,0.22,1.23113314451441,1.24077588797231,0.0172765634905567,1.37020487747189e-05,1.23121667948182,1.2282039824493,1.23372599147376,0.00306780224113723,9.59481802044555e-05
15,0.23,1.27494813020671,1.28711022712374,0.0243914083215897,4.76544966456104e-05,1.27407036600524,1.26906493712511,1.28109537171008,0.00606950555631655,9.92136859721033e-05
15,0.24,1.32720709051656,1.33453836105201,0.0169704266850241,1.63386224380265e-05,1.32726115720641,1.32435092673537,1.33030684034653,0.00334771137238804,0.000103078299603139
15,0.25,1.36048420742311,1.36822930110533,0.0165084687032677,1.41501779580383e-05,1.36059221553512,1.35751124633654,1.3634592352838,0.00318179530963742,0.000105522959511729
15,0.26,1.4053274815221,1.41723476060121,0.0293700913916493,5.22595178059075e-05,1.40622149244894,1.39939410975118,1.41110771930407,0.00598862889292677,0.000108827881442932
15,0.27,1.43966058718625,1.45229266738924,0.021180076995329,2.21193864934683e-05,1.43968770752664,1.43584191725697,1.44264074549268,0.00384085436563041,0.00011130927897604
15,0.28,1.48348691149693,1.49511433062313,0.0238014634266177,3.99422292473484e-05,1.48336405337414,1.47845893637519,1.48851297210934,0.00522438856139256,0.000114548097506752
15,0.29,1.51484518243773,1.52257175349814,0.0148325101383517,1.44992708695959e-05,1.5149820249738,1.51148595229706,1.51826441255501,0.00331858769104315,0.00011683876140212
15,0.3,1.56847944173237,1.57731473909143,0.0181906949336059,1.97155982391957e-05,1.56858675139628,1.56508285137537,1.57179011284064,0.00372819705824025,0.000120774312616351
15,0.31,1.61031110023384,1.62181329881256,0.0262849274617196,4.33851740011197e-05,1.61049316449499,1.60527224268292,1.61525928808155,0.00540841611030412,0.000123838843330592
15,0.32,1.64301747671608,1.65250590964041,0.0229086596320351,2.48087495365462e-05,1.64296296180977,1.63946505850389,1.64714463331357,0.00414273333532592,0.000126218420219709
15,0.33,1.68887603863238,1.70042439165854,0.0245733895767999,4.03988688082948e-05,1.6887338270777,1.68456360144198,1.69406030328159,0.00519646478423493,0.000129556597279005
15,0.34,1.7198821525254,1.72947212972353,0.0179123626411599,2.00273284353084e-05,1.72002596599417,1.716154837798,1.72371236616764,0.00384765356009865,0.000131817631806406
15,0.35,1.76189516612053,1.7763430831659,0.028173153161513,6.25961084459141e-05,1.76172015259153,1.75540437873966,1.76849101061217,0.00662234035709522,0.000134899845516
15,0.36,1.81333483478416,1.82304197815431,0.020541365143673,2.75071750405501e-05,1.81345240075137,1.8094607662318,1.81715211190695,0.00437638854554908,0.00013865016814073
15,0.37,1.8451585319064,1.85400500400453,0.0191092785847515,2.33300854954922e-05,1.84530715425825,1.84110653365472,1.84917646286402,0.00414357921187919,0.000140951060223644
15,0.38,1.89026313060294,1.9018154399996,0.0259296453394591,4.46015451804844e-05,1.89016743143878,1.88635744415582,1.89574789981942,0.00545316077942807,0.000144214078695835
15,0.39,1.92139127807896,1.93579272130179,0.0252862286780171,3.21143889028221e-05,1.92154886875677,1.9167037118301,1.92550265461196,0.00470037090471915,0.000146457345835317
15,0.4,1.96323639339516,1.9770840119619,0.0281353642036823,5.19703805951318e-05,1.96318963626089,1.95793704141553,1.96831163912737,0.00586432927067167,0.000149514688239703
15,0.41,2.01260461475656,2.02087644620096,0.0176287436303766,2.50326906295561e-05,2.0128033476252,2.00814750899279,2.01710951359699,0.00436591115046736,0.000153080744282497
15,0.42,2.05253555480983,2.06172450804488,0.0194490217984522,2.6171741517255e-05,2.05271817063948,2.04800225132846,2.05711995399914,0.00445902001917225,0.000155967403998893
15,0.43,2.08475114955082,2.0976508695269,0.0289485188836904,5.07977766719238e-05,2.08466615666163,2.07983167473922,2.0893297477848,0.00581573356937698,0.00015830592273179
15,0.44,2.11731010473728,2.13441276585591,0.0289521979016247,4.08330181407369e-05,2.11754203736236,2.11200118243055,2.12180610580749,0.00527818272917638,0.000160629976567346
15,0.45,2.16053619299064,2.17602750554831,0.0304521077321613,5.52937211161352e-05,2.16053928686517,2.15549154531802,2.16618590108441,0.00605780426875117,0.000163739847200985
15,0.46,2.18921370226543,2.20102893451814,0.0220332901641207,3.09475749414617e-05,2.18939950473811,2.18444595169812,2.19407312531883,0.00481116012423925,0.000165792065795169
15,0.47,2.23048430487463,2.24126053567547,0.0225574043910997,3.46073121904685e-05,2.23065437398922,2.22561025138749,2.23534151633797,0.00502629343609852,0.000168783840259804
15,0.48,2.25956462717682,2.27080394592491,0.0245693978425461,3.80486016072373e-05,2.25972590938687,2.25468363291733,2.26437299657417,0.00521609244964531,0.000170890064833714
15,0.49,2.29519794354528,2.30598621177129,0.0241296488858942,3.5684845486856e-05,2.29536933246387,2.29018426278496,2.30012714996743,0.005124936170602,0.000173447008549551
15,0.5,2.36210938466789,2.38041919823984,0.0392152207865726,0.000108434053715013,2.36234966229946,2.35458978373549,2.37092232506544,0.00875276822483798,0.000178433667056458
15,0.51,2.41065700669016,2.42795496179784,0.0303575912192664,4.56099892086474e-05,2.410840110264,2.4049870256295,2.4158681163664,0.0056631512296052,0.00018229484541974
15,0.52,2.47465621118505,2.49595307546345,0.0433701152895747,0.000133455699765508,2.47501396508263,2.46521763059004,2.48419784442611,0.00983663120543782,0.000187936840191592
15,0.53,2.55048628037487,2.56410756993106,0.0295063398331767,5.2286641989564e-05,2.5505922465016,2.54501141508994,2.55594148987792,0.00605928475862991,0.000195408163639427
15,0.54,2.59848927436271,2.61087910302467,0.0252636984628443,4.26845101378763e-05,2.59866441488065,2.59270775885969,2.60427005901825,0.00568339585250383,0.000200455150863745
15,0.55,2.66126330182018,2.6810258254618,0.0457235742934605,0.000122537918619337,2.66163359292523,2.65266211950413,2.6695454194752,0.00908944712829545,0.000207238446800457
15,0.56,2.70758286533129,2.72930741953516,0.0353747176120067,6.14508463918917e-05,2.70774746206071,2.70091760299047,2.71349995168514,0.0065458038079497,0.000212206925338205
15,0.57,2.76675269930464,2.7866550381918,0.0402260662422638,0.000100881961737899,2.76666378909347,2.75945301907995,2.77412220389681,0.00817450536801467,0.000218667207111375
15,0.58,2.80718340401357,2.82274287114384,0.0289858342066385,5.2359092980814e-05,2.80728658966169,2.80083398150525,2.81347944298868,0.00627343207110861,0.000223093757914435
15,0.59,2.87219356047992,2.88722330662763,0.0289207289284867,5.73374897389878e-05,2.8722520149889,2.86566860630922,2.87864116233619,0.00652937654149261,0.000230243078695904
15,0.6,2.91988234496648,2.93808096051784,0.038116421029601,8.681063889079e-05,2.91984771779,2.91379363182619,2.92653357304072,0.00767233171107687,0.000235534643886772
22,0.01,0.00498341388735059,0.00500716718432372,5.1364525315907e-05,1.28729016705311e-10,0.00498353274800907,0.0049742195945266,0.00499271949836298,9.64188024336265e-06,4.39663960150675e-07
22,0.02,0.242251563336101,0.28661489530915,0.119342590721824,0.00178481656676094,0.222887667005784,0.220897162469666,0.285455621770264,0.0384399882838082,1.50677517228468e-05
22,0.03,0.380531903172379,0.409007391577432,0.0409558294271338,0.000144391178982598,0.37980862651546,0.371165523090328,0.381828821812953,0.00874454312320781,2.26686068850169e-05
22,0.04,0.486099728390254,0.497590871837065,0.0246886928539211,8.28029685378576e-05,0.489404717676792,0.475427870064972,0.494589757747377,0.00854747176178084,2.86221691750404e-05
22,0.05,0.548433007329325,0.557921265015453,0.0152151466301848,1.29534382912836e-05,0.547620730267426,0.545720279371202,0.549955602424306,0.00282923022377657,3.20683877041434e-05
22,0.06,0.641926680580212,0.649770139008959,0.016846138232385,3.12265934274608e-05,0.64467808311477,0.636220143310329,0.647071545252819,0.00537363470584951,3.72478059655205e-05
22,0.07,0.707527517839286,0.714562948392763,0.0157645345653999,2.26612516956146e-05,0.705861669898831,0.703207997781876,0.712232980141636,0.00446175313303373,4.08887655766549e-05
22,0.08,0.756985863720419,0.763166311295109,0.0122881854097933,1.11866810265277e-05,0.756251663356642,0.754195768009944,0.760025585732902,0.00293145712537805,4.35792117210691e-05
22,0.09,0.821686762877976,0.830365659261077,0.0199982238076578,4.20526252996843e-05,0.824979796526047,0.814634510229801,0.827238309556283,0.00607656905132481,4.71348727571303e-05
22,0.1,0.866117019333269,0.877173283889341,0.018290294679651,1.88395829345998e-05,0.86525774276215,0.862741113766427,0.868786554449689,0.00354682273016735,4.95443253551359e-05
22,0.11,0.923868632149442,0.934984309416829,0.0223455502174982,5.26912134281253e-05,0.922993468180448,0.916943809615933,0.931047861480156,0.00675549303779861,5.27164113007264e-05
22,0.12,0.99070346901526,0.995064095577678,0.0112922977399651,5.87716504600941e-06,0.990710089636028,0.989137493090851,0.99250547655974,0.00198678263753405,5.63283593103532e-05
22,0.13,1.0335612910734,1.03973456714592,0.012218095022873,8.6499862061469e-06,1.03355127184003,1.0312790786756,1.03567908004417,0.00240487277796287,5.86538082558399e-05
22,0.14,1.08866493193825,1.09853642310197,0.0247983914233401,4.73239998757293e-05,1.08766468253948,1.0832730892783,1.09507730054865,0.00612282493041822,6.1662588095307e-05
22,0.15,1.13100068594393,1.14447899925312,0.0207660548768549,2.25145956390349e-05,1.12994522281206,1.12781451031456,1.13271484691162,0.00358441433671526,6.39261955705826e-05
22,0.16,1.18574933131257,1.19566685983302,0.0202336047225358,3.4429622516723e-05,1.18603383010925,1.18069381310642,1.19110564047991,0.00529540537046198,6.68835323533978e-05
22,0.17,1.2243350669617,1.23227502755197,0.0133023082557542,7.83527014063225e-06,1.22437623467508,1.22204757498388,1.22619769337484,0.00229513744793587,6.89483246410912e-05
22,0.18,1.28941125233651,1.29697544040216,0.0151873342042166,1.55166302249004e-05,1.2893601575895,1.28641893012509,1.29251294770452,0.00326618591588341,7.24567590387637e-05
22,0.19,1.3402366631586,1.3493403993879,0.0210921677893818,3.11692366834278e-05,1.34002772894731,1.33545408167283,1.34517873846498,0.00486599177241938,7.52015893583437e-05
22,0.2,1.38055437750408,1.38828993199226,0.017493841628905,1.5216669610742e-05,1.38070318792789,1.37759920913851,1.38308712961798,0.00318939588384517,7.73490672480486e-05
22,0.21,1.43446754498137,1.44444043753295,0.021629217973141,4.10512661598004e-05,1.43620739501672,1.42877481740792,1.4397494482445,0.00570494350116698,8.02284773806751e-05
22,0.22,1.47317307962349,1.48294082939406,0.0169348015111943,1.26940182019011e-05,1.47319775671321,1.47045983461814,1.47548149841695,0.00290696703794129,8.22987025861517e-05
22,0.23,1.52395113877547,1.53644315978298,0.0247322539156953,5.61222305750799e-05,1.52210709441159,1.51731121102472,1.5310505505379,0.00686664768223068,8.50377919693823e-05
22,0.24,1.5845307170383,1.59159917486608,0.0164172003003848,1.50348421712101e-05,1.58448580360605,1.58190998752494,1.58725520764738,0.00317333919171112,8.82611507757971e-05
22,0.25,1.62351136994027,1.63092736488748,0.0156177472349512,1.1885765903321e-05,1.62355579265408,1.62103498985379,1.62607655994463,0.00286057137003658,9.03312672280731e-05
22,0.26,1.6752512976939,1.68748134342201,0.0303663979264053,6.16889756230493e-05,1.675756339981,1.66917562157036,1.68197366231453,0.00665816530092322,9.30890165055342e-05
22,0.27,1.71516557251446,1.72818764469162,0.0210099268168098,2.19328435796369e-05,1.71477442358891,1.71153388195802,1.71771326606004,0.00371785426680897,9.51885167360374e-05
22,0.28,1.76607200356617,1.77786289256061,0.0237799750466514,4.46751391411221e-05,1.76533168399463,1.76037120247795,1.77194259568149,0.00585731827227638,9.7915513277756e-05
22,0.29,1.80230059060772,1.80942434978996,0.0132637606809756,1.05739369579707e-05,1.80238298341101,1.79946526396905,1.80516319722347,0.00282166935511444,9.9825129550254e-05
22,0.3,1.86415286988705,1.87259052949099,0.0171152896189557,1.70172971287122e-05,1.86418374598977,1.86131417394615,1.86695074584433,0.00339579301091555,0.00010308454142595
22,0.31,1.91262217825746,1.92422635781446,0.0265530752792469,4.78522921536382e-05,1.91323812844254,1.90688816757681,1.91840886698341,0.00586743063508356,0.000105664863864046
22,0.32,1.95026280634798,1.95929401613797,0.0221471939812934,2.25595546035347e-05,1.95045524461624,1.94714273226557,1.95399905801397,0.00388852548999475,0.000107653933146532
22,0.33,2.00292465044182,2.01428549473897,0.0240988570359044,4.20733329986341e-05,2.00323060525452,1.99816862235521,2.00831583537966,0.00547129795531558,0.000110440804204534
22,0.34,2.03884610339315,2.04817846661843,0.0167477513046501,1.55949839335701e-05,2.0389203403735,2.03559738991079,2.04202143492611,0.00334505623527415,0.000112339245935201
22,0.35,2.0873416442115,2.10196380252728,0.0280638245990739,7.00302379955785e-05,2.08554705585806,2.08004453321904,2.09494122387115,0.00747295633454894,0.00011491602985072
22,0.36,2.14662088812809,2.15591448610491,0.0194366718299102,2.41317379425389e-05,2.1466394640049,2.14327294712138,2.14983643167699,0.00402227820531768,0.00011801519322785
22,0.37,2.18380481629642,2.19209245656455,0.0177624083383847,1.83187638149754e-05,2.18387203667696,2.18043616011021,2.18719815382829,0.00361392036458938,0.000119950832685663
22,0.38,2.23644364698537,2.24763447339402,0.0252706316720022,4.57320944892501e-05,2.23645133729153,2.23164278712894,2.24216104383338,0.00563331111915723,0.000122728320721432
22,0.39,2.27224469222904,2.28666779205111,0.0243591562661587,2.87387982032704e-05,2.27217207255904,2.26792396240899,2.27555940646775,0.00437175160801543,0.000124598266517446
22,0.4,2.32018489325124,2.33384394717135,0.0274492850680388,5.34776298651317e-05,2.32010867051617,2.3142788696954,2.32602321890369,0.00613480772995555,0.000127131967061082
22,0.41,2.37730778224095,2.3846898840461,0.0155426810557402,1.80442414893614e-05,2.37741014975754,2.37356595956468,2.38106250070066,0.00368961716953314,0.000130109182681859
22,0.42,2.41436077400197,2.42315245831406,0.0184738277345526,2.15461517295909e-05,2.41443829140327,2.41062457689463,2.41805828087027,0.00393763676274165,0.000132051530418648
22,0.43,2.46147563770345,2.47434926713582,0.0288107204952683,5.27469736072062e-05,2.46170219972685,2.45579127455256,2.46699732405448,0.00598077020036028,0.000134521358071699
22,0.44,2.49948431638596,2.51670603796069,0.028008636751637,3.73175592192573e-05,2.49924302843495,2.49455960628687,2.50314110396831,0.00493962555790428,0.000136492799939656
22,0.45,2.54883091554497,2.56751012403815,0.0335134977293152,6.69483929870624e-05,2.547914290911,2.5427784057318,2.55473648892715,0.0067681905998716,0.000139112476605658
22,0.46,2.58078417380777,2.59239764651113,0.0205896362518798,2.35085585364578e-05,2.58088210594598,2.57671597612449,2.58481075514363,0.00413665003023106,0.000140762902414247
22,0.47,2.63672723714477,2.64709272781496,0.0215435613392163,2.92035047371648e-05,2.63678298643109,2.63272852249317,2.64059362875882,0.00450710206341722,0.000143681466787559
22,0.48,2.68219940503321,2.69399713386182,0.0253925284197063,3.92428721817527e-05,2.68220167318767,2.67784239423961,2.68621003850137,0.00511478751925836,0.000146059825034784
22,0.49,2.71940129437513,2.72919651690954,0.0211812084996534,2.63433483815311e-05,2.71948811879569,2.71519256388266,2.72357363989147,0.00437369450921022,0.000147972253160361
22,0.5,2.76380594322634,2.77558155477699,0.0252805806913576,4.08729783722689e-05,2.76378409552358,2.75983262235126,2.76880401201913,0.00523332601967009,0.000150275123283662
22,0.51,2.79012530258298,2.80273704194203,0.0230481356006131,2.93531831768158e-05,2.79021755329727,2.7856890609074,2.79441295568315,0.00457572385372276,0.000151640597522971
22,0.52,2.8225816320423,2.83421695294561,0.0238220224072014,3.32482926550132e-05,2.82264491970228,2.81836375347419,2.82676165889248,0.00480968056913094,0.000153346922843369
22,0.53,2.89395180209283,2.90685104376746,0.0280063242108453,4.67286053108451e-05,2.89395321150968,2.88916532556262,2.89844432149214,0.00557523035681678,0.000157103028909173
22,0.54,2.95464714217064,2.96531585194237,0.0220763257151142,2.84976489653793e-05,2.95475553403786,2.95003973651671,2.95925001426036,0.00461176960747588,0.000160481797436479
22,0.55,3.03513076774135,3.0557216562829,0.0486419517184915,0.00016332827962055,3.03491487088116,3.02407643882869,3.0464018608927,0.011114811767811,0.000165530056511046
22,0.56,3.09536452161337,3.11787505075051,0.0344736693774315,5.60807584832726e-05,3.09502745605949,3.08921095497021,3.10003222358526,0.00605092404409069,0.000169712320972139
22,0.57,3.17296374181489,3.19338096414709,0.0414618368426387,0.000125625868990351,3.17397712545002,3.16368199220369,3.18228768048678,0.00968580854678767,0.000175467082982182
22,0.58,3.22614647740487,3.24044188443221,0.0262986142800408,3.69126380991862e-05,3.2262128019848,3.22116250012579,3.23115923548341,0.00518905061585133,0.000179446569156814
22,0.59,3.31241820651458,3.32587568791019,0.0256666074350829,4.08079589863336e-05,3.31245200480198,3.30725578176555,3.31756054963915,0.00542509203397215,0.000185979064755846
22,0.6,3.37668157682754,3.39508837406093,0.0389642898261502,9.7718473988065e-05,3.37672647393088,3.36881853433874,3.38413566546669,0.00813110417072855,0.000190857816915686
